Country Name,Country Code,Indicator Name,Indicator Code,1991,1992,1993,1994,1995,1996,1997,1998,1999,2000,2001,2002,2003,2004,2005,2006,2007,2008,2009,2010,2011,2012,2013,2014,2015,2016,2017,2018,2019,2020,2021,2022,2023,2024
Aruba,ABW,"Literacy rate, youth total (% of people ages 15-24)",SE.ADT.1524.LT.ZS,,,,,,,,,,99,,,,,,,,,,99,,,,,,,,,,99.51999664,,,,
Africa Eastern and Southern,AFE,"Literacy rate, youth total (% of people ages 15-24)",SE.ADT.1524.LT.ZS,70.73105621,70.27037048,70.33677673,70.38964844,70.68782806,70.84868622,71.19882202,70.42120361,71.32849121,71.46378326,71.59179688,73.45619965,73.66161346,73.72135162,72.97592163,71.01979065,72.12860107,72.56928253,73.19190979,74.46552277,77.0578537,78.92629242,79.82782745,80.26187897,80.67321014,81.29400635,81.57585144,81.93054962,82.46688843,82.61358643,82.80454254,83.03627014,83.22039032,
Afghanistan,AFG,"Literacy rate, youth total (% of people ages 15-24)",SE.ADT.1524.LT.ZS,,,,,,,,,,,,,,,,,,,,,47,,,,35.82083893,,,,,,56,62.65999985,,
Africa Western and Central,AFW,"Literacy rate, youth total (% of people ages 15-24)",SE.ADT.1524.LT.ZS,58.55585098,59.22602844,59.94535828,60.81365967,60.4066391,61.2105217,62.09215927,63.43185043,64.00879669,59.73144913,61.00244904,61.47523117,61.76179123,63.12984848,63.21749878,63.83518982,62.48220825,62.50662994,62.60078812,63.08218002,63.75938034,64.4192276,65.38684082,66.2248764,67.18641663,67.65442657,68.70076752,71.05143738,70.81114197,70.92401886,71.26612091,71.60542297,71.84809113,
Angola,AGO,"Literacy rate, youth total (% of people ages 15-24)",SE.ADT.1524.LT.ZS,,,,,,,,,,,72,,,,,,,,,,,,,77,75.66081238,,,,,,,83.30000305,,
Albania,ALB,"Literacy rate, youth total (% of people ages 15-24)",SE.ADT.1524.LT.ZS,,,,,,,,,,,99,,,,,,,99,95.68000031,,99,99,,,,,99.02406311,,,,,99.5,,
Andorra,AND,"Literacy rate, youth total (% of people ages 15-24)",SE.ADT.1524.LT.ZS,,,,,,,,,,,,,,,,,,,,,,,,,,,,,,,,,,
Arab World,ARB,"Literacy rate, youth total (% of people ages 15-24)",SE.ADT.1524.LT.ZS,74.62615204,75.69454193,75.38424683,76.24072266,77.14183807,78.09221649,79.02153778,79.77651978,80.5431366,81.23448944,82.05300903,82.76274872,83.86834717,84.52797699,84.90261078,83.49822998,84.41886139,85.24298096,82.7206192,83.20761108,83.960289,85.03819275,85.7600174,85.92566681,86.10385132,84.69624329,85.01940155,85.29405212,85.5621109,85.85220337,86.18074036,86.39321136,86.58056641,
United Arab Emirates,ARE,"Literacy rate, youth total (% of people ages 15-24)",SE.ADT.1524.LT.ZS,,,,,,,,,,,,,,,95,,,,,,,,,,,,,,98,,100,100,,
Argentina,ARG,"Literacy rate, youth total (% of people ages 15-24)",SE.ADT.1524.LT.ZS,98,,,,,,,,,,99,,,,,,,,,,,,,,,,,,,,,,,
Armenia,ARM,"Literacy rate, youth total (% of people ages 15-24)",SE.ADT.1524.LT.ZS,,,,,,,,,,100,100,,,,,,,,,,100,,,,,100,100,,,100,,,,
American Samoa,ASM,"Literacy rate, youth total (% of people ages 15-24)",SE.ADT.1524.LT.ZS,,,,,,,,,,,,,,,,,,,,,,,,,,,,,,,,,,
Antigua and Barbuda,ATG,"Literacy rate, youth total (% of people ages 15-24)",SE.ADT.1524.LT.ZS,,,,,,,,,,,,,,,,,,,,,,,,,,,,,,,,,,
Australia,AUS,"Literacy rate, youth total (% of people ages 15-24)",SE.ADT.1524.LT.ZS,,,,,,,,,,,,,,,,,,,,,,,,,,,,,,,,,,
Austria,AUT,"Literacy rate, youth total (% of people ages 15-24)",SE.ADT.1524.LT.ZS,,,,,,,,,,,,,,,,,,,,,,,,,,,,,,,,,,
Azerbaijan,AZE,"Literacy rate, youth total (% of people ages 15-24)",SE.ADT.1524.LT.ZS,,,,,,,,,100,,,,,,,100,100,,100,100,100,100,100,100,100,100,100,,100,,,,100,
Burundi,BDI,"Literacy rate, youth total (% of people ages 15-24)",SE.ADT.1524.LT.ZS,,,,,,,,,,73,,,,,,,,62,,74.45999908,,,,80,,84.36367798,88,,,,,93.55999756,,
Belgium,BEL,"Literacy rate, youth total (% of people ages 15-24)",SE.ADT.1524.LT.ZS,,,,,,,,,,,,,,,,,,,,,,,,,,,,,,,,,,
Benin,BEN,"Literacy rate, youth total (% of people ages 15-24)",SE.ADT.1524.LT.ZS,,40,,,,,,,,,47.95999908,45,,,,42.36270142,,,,,,52.49246979,,,,,58.81219864,,,,65.3227005,66.40000153,,
Burkina Faso,BFA,"Literacy rate, youth total (% of people ages 15-24)",SE.ADT.1524.LT.ZS,20,,,,,19,,,,,,,31,,33,33,39,,,37.18999863,,,,50,,,,59,47,,62.66986084,53.63999939,,
Bangladesh,BGD,"Literacy rate, youth total (% of people ages 15-24)",SE.ADT.1524.LT.ZS,45,,,,,,,,,100,64,,,,,,61.87281036,,,,78,78,86,86,88,92,93,93,95,94,95,,,
Bulgaria,BGR,"Literacy rate, youth total (% of people ages 15-24)",SE.ADT.1524.LT.ZS,,,,,,,,,,,98,,,,,,,,,,98,,,,,,,,,,98.05999756,,,
Bahrain,BHR,"Literacy rate, youth total (% of people ages 15-24)",SE.ADT.1524.LT.ZS,97,,,,,,,,,,97,,,,,,,,,,100,,,,,,,,,,,99,99,
"Bahamas, The",BHS,"Literacy rate, youth total (% of people ages 15-24)",SE.ADT.1524.LT.ZS,,,,,,,,,,,,,,,,,,,,,,,,,,,,,,,,,,
Bosnia and Herzegovina,BIH,"Literacy rate, youth total (% of people ages 15-24)",SE.ADT.1524.LT.ZS,99,,,,,,,,,100,,,,,,,,,,,99.46231079,,100,,,,,,,,,99.69999695,,
Belarus,BLR,"Literacy rate, youth total (% of people ages 15-24)",SE.ADT.1524.LT.ZS,,,,,,,,,100,,,,,,,,,,100,,,100,,,,,,,100,,,,,
Belize,BLZ,"Literacy rate, youth total (% of people ages 15-24)",SE.ADT.1524.LT.ZS,78,,,,,,,,,,87.19999695,,,,,,,,,,,,,,97.94930267,,,,,,,,,
Bermuda,BMU,"Literacy rate, youth total (% of people ages 15-24)",SE.ADT.1524.LT.ZS,,,,,,,,,,,,,,,,,,,,,,,,,,,,,,,,,,
Bolivia,BOL,"Literacy rate, youth total (% of people ages 15-24)",SE.ADT.1524.LT.ZS,,94,,,,,,,,97.30999756,97.36000061,98.05999756,98.30000305,99.08999634,98.84999847,98.41000366,99.44000244,99.16999817,99.37999725,,99.01000214,99.33000183,99.31999969,99.44000244,99.40000153,99.41999817,99.37999725,99.56999969,99.52999878,99.55999756,99.51999664,,,
Brazil,BRA,"Literacy rate, youth total (% of people ages 15-24)",SE.ADT.1524.LT.ZS,,,,,,,,,,94,95.80000305,96.30999756,96.62999725,96.80999756,97.11000061,97.55000305,97.77999878,97.83999634,98.05999756,98,98.48999786,98.62000275,98.73999786,98.84999847,98.95999908,99.06999969,99.13999939,99.04000092,99.09999847,99.23000336,99.27999878,99.27999878,,
Barbados,BRB,"Literacy rate, youth total (% of people ages 15-24)",SE.ADT.1524.LT.ZS,,,,,,,,,,,,,,,,,,,,,,100,,,,,,,,,,,,
Brunei Darussalam,BRN,"Literacy rate, youth total (% of people ages 15-24)",SE.ADT.1524.LT.ZS,98,,,,,,,,,,99,,,,,,,,,,99,,,,,,,,,,99.76999664,,,
Bhutan,BTN,"Literacy rate, youth total (% of people ages 15-24)",SE.ADT.1524.LT.ZS,,,,,,,,,,,,,,,74,,,,,,,86,,,,,93,,,,,98,,
Botswana,BWA,"Literacy rate, youth total (% of people ages 15-24)",SE.ADT.1524.LT.ZS,89,,,,,,,,,,,,94,,,,,,,,,,97.4562912,,,,,,,,,,,
Central African Republic,CAF,"Literacy rate, youth total (% of people ages 15-24)",SE.ADT.1524.LT.ZS,,,,,,,,,,61,,,,,,,,,,36.35626984,,,,,,,,38,50.6020813,38.34000015,,,,
Canada,CAN,"Literacy rate, youth total (% of people ages 15-24)",SE.ADT.1524.LT.ZS,,,,,,,,,,,,,,,,,,,,,,,,,,,,,,,,,,
Central Europe and the Baltics,CEB,"Literacy rate, youth total (% of people ages 15-24)",SE.ADT.1524.LT.ZS,99.45568085,99.44854736,99.44644928,99.44500732,,,,,,,,,,,,,,,,,,,,99.49175262,99.50956726,99.52469635,99.53878021,99.62960815,99.63790131,99.64524078,99.65083313,99.65283966,,
Switzerland,CHE,"Literacy rate, youth total (% of people ages 15-24)",SE.ADT.1524.LT.ZS,,,,,,,,,,,,,,,,,,,,,,,,,,,,,,,,,,
Channel Islands,CHI,"Literacy rate, youth total (% of people ages 15-24)",SE.ADT.1524.LT.ZS,,,,,,,,,,,,,,,,,,,,,,,,,,,,,,,,,,
Chile,CHL,"Literacy rate, youth total (% of people ages 15-24)",SE.ADT.1524.LT.ZS,,98,,,,,,,,99.09999847,,99,99.11000061,,,99.11000061,,,99.37000275,,99.41000366,,99.06999969,,99.36000061,,99.01999664,,,,,99.30999756,,
China,CHN,"Literacy rate, youth total (% of people ages 15-24)",SE.ADT.1524.LT.ZS,,,,,,,,,,99,,,,,,,,,,100,,,,,,,,,,100,,,,
Cote d'Ivoire,CIV,"Literacy rate, youth total (% of people ages 15-24)",SE.ADT.1524.LT.ZS,,,,,,,,47,,61,,,,,,,,,,,,48.30995941,,53,,62.99058151,,,84,,66.8442688,,,
Cameroon,CMR,"Literacy rate, youth total (% of people ages 15-24)",SE.ADT.1524.LT.ZS,,,,,,,,,,83,,,,75.11000061,,,83,,,81,80.66000366,,,,,,,81.89338684,,86.23999786,,,,
"Congo, Dem. Rep.",COD,"Literacy rate, youth total (% of people ages 15-24)",SE.ADT.1524.LT.ZS,,,,,,,,,,,70,,,,,,65.7765274,,,,,84,85.98000336,,,85,,84.07338715,,,,88.09999847,,
"Congo, Rep.",COG,"Literacy rate, youth total (% of people ages 15-24)",SE.ADT.1524.LT.ZS,,,,,,,,,,,,,,,79,,,,,,80.91394806,,,,,,,,,,82.36000061,,,
Colombia,COL,"Literacy rate, youth total (% of people ages 15-24)",SE.ADT.1524.LT.ZS,,,95,,,97,,,,,,97.44000244,97.5,97.94000244,97.97000122,98,98,97.98999786,97.94000244,98.18000031,98.30999756,98.22000122,98.26999664,98.52999878,98.51999664,98.65000153,98.65000153,98.87999725,98.81999969,99,99.11000061,98.91000366,,
Comoros,COM,"Literacy rate, youth total (% of people ages 15-24)",SE.ADT.1524.LT.ZS,,,,,,,,,,80,,,,,,,,,,,,71.58126831,,,,,,,,,,82.01999664,,
Cabo Verde,CPV,"Literacy rate, youth total (% of people ages 15-24)",SE.ADT.1524.LT.ZS,,,,,,,,,,95.87000275,,,,,,,,,,,,98,,,98,,,,,,,98.73999786,,
Costa Rica,CRI,"Literacy rate, youth total (% of people ages 15-24)",SE.ADT.1524.LT.ZS,,,,,,,,,,98,,,,,,,,,,,99,,,,,,,80.55000305,,,99.52999878,,,
Caribbean small states,CSS,"Literacy rate, youth total (% of people ages 15-24)",SE.ADT.1524.LT.ZS,,,92.46028137,92.4987793,92.73206329,92.97422791,93.22045898,93.46890259,93.71956635,93.95359039,94.1869812,94.39573669,94.5803833,94.73915863,94.91426849,94.97331238,95.427948,95.53704071,95.62657928,,,,,,,,,,,,,,,
Cuba,CUB,"Literacy rate, youth total (% of people ages 15-24)",SE.ADT.1524.LT.ZS,,,,,,,,,,,,100,,,,,,,,,,100,,,,,,,99.61174011,,99.87464905,,,
Curacao,CUW,"Literacy rate, youth total (% of people ages 15-24)",SE.ADT.1524.LT.ZS,,,,,,,,,,,,,,,,,,,,,,,,,,,,,,,,,,
Cayman Islands,CYM,"Literacy rate, youth total (% of people ages 15-24)",SE.ADT.1524.LT.ZS,,,,,,,,,,,,,,,,,99,,,,,,,,,,99,,,,,,,
Cyprus,CYP,"Literacy rate, youth total (% of people ages 15-24)",SE.ADT.1524.LT.ZS,,100,,,,,,,,,100,,,,,,,,,,100,,,,,,,,,,99.90000153,,,
Czechia,CZE,"Literacy rate, youth total (% of people ages 15-24)",SE.ADT.1524.LT.ZS,,,,,,,,,,,,,,,,,,,,,,,,,,,,,,,,,,
Germany,DEU,"Literacy rate, youth total (% of people ages 15-24)",SE.ADT.1524.LT.ZS,,,,,,,,,,,,,,,,,,,,,,,,,,,,,,,,,,
Djibouti,DJI,"Literacy rate, youth total (% of people ages 15-24)",SE.ADT.1524.LT.ZS,,,,,,,,,,,,,,,,,,,,,,,,,,,,,,,,,,
Dominica,DMA,"Literacy rate, youth total (% of people ages 15-24)",SE.ADT.1524.LT.ZS,,,,,,,,,,,,,,,,,,,,,,,,,,,,,,,,,,
Denmark,DNK,"Literacy rate, youth total (% of people ages 15-24)",SE.ADT.1524.LT.ZS,,,,,,,,,,,,,,,,,,,,,,,,,,,,,,,,,,
Dominican Republic,DOM,"Literacy rate, youth total (% of people ages 15-24)",SE.ADT.1524.LT.ZS,,,,,,,,,,94.87000275,95.44999695,95.08000183,95.73999786,95.94000244,96.70999908,96.56999969,97.5,96.55000305,97.30000305,97.04000092,97.56999969,97.33999634,97.94999695,98.13999939,98.12000275,98.48000336,98.09999847,98.54000092,98.69999695,98.86000061,98.83999634,98.52999878,,
Algeria,DZA,"Literacy rate, youth total (% of people ages 15-24)",SE.ADT.1524.LT.ZS,,,,,,,,,,,,90,,,,92,,94,,,,,,,,,,97.4265213,74.02999878,,,,,
East Asia & Pacific (excluding high income),EAP,"Literacy rate, youth total (% of people ages 15-24)",SE.ADT.1524.LT.ZS,94.51902008,94.68521881,94.81758881,95.06517792,95.32441711,95.53912354,97.75427246,97.83454895,97.88587952,97.89592743,97.96116638,98.04068756,98.16532898,98.25283051,98.33480835,98.14103699,98.51077271,98.87509918,98.83865356,98.82472992,98.41075897,98.45198059,98.48715973,98.68418121,98.73166656,98.75243378,98.75273132,98.68138123,99.02615356,99.11595154,99.14208984,99.17637634,99.19991302,
Early-demographic dividend,EAR,"Literacy rate, youth total (% of people ages 15-24)",SE.ADT.1524.LT.ZS,71.72251892,72.70329285,73.53022003,74.36975861,75.26435089,76.01795959,76.68287659,78.75102234,79.52868652,80.23088074,80.84329987,81.75605774,82.59706116,83.26421356,83.88397217,83.70378113,84.65000916,85.73523712,86.43328857,87.39071655,87.64839935,88.11231232,89.07061005,89.72728729,90.43392181,90.9436264,91.23808289,91.32805634,93.11923218,93.41790009,93.70574188,93.98940277,94.24230194,
East Asia & Pacific,EAS,"Literacy rate, youth total (% of people ages 15-24)",SE.ADT.1524.LT.ZS,94.45285797,94.61244965,94.74430084,94.99510193,95.25785828,95.47281647,97.50920868,97.58870697,97.66889191,97.68473816,97.74899292,97.83569336,97.97911072,98.08097076,98.16943359,97.99960327,98.36116791,98.71460724,98.68031311,98.63607788,98.22686005,98.27249908,98.31104279,98.54441833,98.5921936,98.61473846,98.6164093,98.54853821,98.89816284,98.98870087,99.01895142,99.05323792,99.07862091,
Europe & Central Asia (excluding high income),ECA,"Literacy rate, youth total (% of people ages 15-24)",SE.ADT.1524.LT.ZS,97.54827118,97.62689209,97.69181824,97.78917694,97.85021973,97.92542267,97.98809814,98.04902649,98.11170197,98.39626312,98.45542908,98.5121994,98.52055359,98.48744202,98.65628052,98.68044281,98.7507782,98.81056976,99.2088623,99.33004761,99.46782684,99.56742859,99.63188934,99.67311859,99.71125031,99.75157928,99.83254242,99.85762024,99.88858795,99.9022522,99.91181183,99.91539001,99.91895294,
Europe & Central Asia,ECS,"Literacy rate, youth total (% of people ages 15-24)",SE.ADT.1524.LT.ZS,98.97711182,98.87599945,98.89707947,98.92906189,98.94822693,98.97058868,98.99227142,98.98903656,98.98545837,99.05545044,99.08061981,99.13468933,99.14530945,99.14118958,99.19489288,99.21154785,99.23343658,99.25775909,99.42508698,99.47506714,99.53301239,99.57034302,99.59764099,99.62142181,99.63529205,99.65659332,99.68231201,99.72927856,99.74642181,99.74642181,99.75614166,99.76069641,99.76435852,
Ecuador,ECU,"Literacy rate, youth total (% of people ages 15-24)",SE.ADT.1524.LT.ZS,,,,,,,,,,,92.69999695,,90.72000122,,95.83000183,95.81999969,96.08999634,96.18000031,96.83000183,96.34999847,95.94999695,96.16999817,95.52999878,97.26999664,97.25,97,97.54000092,96.5,94.87999725,95.08000183,96.33000183,96.37000275,,
"Egypt, Arab Rep.",EGY,"Literacy rate, youth total (% of people ages 15-24)",SE.ADT.1524.LT.ZS,,,,,,73,,,,,,,,,85,85,,,,88,,89,92,,,,88,,,,,92.23999786,,
Euro area,EMU,"Literacy rate, youth total (% of people ages 15-24)",SE.ADT.1524.LT.ZS,,,,,,,,,,,,,,,,,,,,,,,,,,,,,,,,,,
Eritrea,ERI,"Literacy rate, youth total (% of people ages 15-24)",SE.ADT.1524.LT.ZS,,,,,,,,,,,,78,,,,,,87,,,,,,,,,,93.27239227,,,,,,
Spain,ESP,"Literacy rate, youth total (% of people ages 15-24)",SE.ADT.1524.LT.ZS,100,,,,,,,,,,,,,100,100,100,100,100,100,100,100,100,100,100,100,100,,100,,100,,,,
Estonia,EST,"Literacy rate, youth total (% of people ages 15-24)",SE.ADT.1524.LT.ZS,,,,,,,,,,100,,,,,,,,,,,100,,,,,,,,,,99.98999786,,,
Ethiopia,ETH,"Literacy rate, youth total (% of people ages 15-24)",SE.ADT.1524.LT.ZS,,,,34,,,,,,38.61000061,,,,49.90000153,44.60596848,,55,,,,54.83000183,,,,,71.78572083,72.75482178,,,,,,,
European Union,EUU,"Literacy rate, youth total (% of people ages 15-24)",SE.ADT.1524.LT.ZS,,,,,,,,,,,,,,,,,,,,,,,,,,,,,,,,,,
Fragile and conflict affected situations,FCS,"Literacy rate, youth total (% of people ages 15-24)",SE.ADT.1524.LT.ZS,69.0399704,68.91481018,69.03347015,69.5427475,69.9642868,70.22708893,70.61126709,71.13565826,71.36115265,68.86347961,69.2314682,70.49311066,70.44969177,70.96717834,71.07100677,69.76947021,69.97825623,70.57003021,69.70758057,70.06455994,71.18359375,71.60292053,72.36338043,72.73670959,73.31680298,73.80413818,74.54746246,74.27863312,74.74801636,74.82182312,75.09102631,75.34409332,75.37422943,
Finland,FIN,"Literacy rate, youth total (% of people ages 15-24)",SE.ADT.1524.LT.ZS,,,,,,,,,,,,,,,,,,,,,,,,,,,,,,,,,,
Fiji,FJI,"Literacy rate, youth total (% of people ages 15-24)",SE.ADT.1524.LT.ZS,,,,,,,,,,,,,,,,,,,,,,,,,,,,,,,97.58000183,,,
France,FRA,"Literacy rate, youth total (% of people ages 15-24)",SE.ADT.1524.LT.ZS,,,,,,,,,,,,,,,,,,,,,,,,,,,,,,,,,,
Faroe Islands,FRO,"Literacy rate, youth total (% of people ages 15-24)",SE.ADT.1524.LT.ZS,,,,,,,,,,,,,,,,,,,,,,,,,,,,,,,,,,
"Micronesia, Fed. Sts.",FSM,"Literacy rate, youth total (% of people ages 15-24)",SE.ADT.1524.LT.ZS,,,,,,,,,,,,,,,,,,,,,,,,,,,,,,,,,,
Gabon,GAB,"Literacy rate, youth total (% of people ages 15-24)",SE.ADT.1524.LT.ZS,,,93,,,,,,,,,,,,,,,,,,,88.50414276,,,,,,,,,93.98143005,90.63999939,,
United Kingdom,GBR,"Literacy rate, youth total (% of people ages 15-24)",SE.ADT.1524.LT.ZS,,,,,,,,,,,,,,,,,,,,,,,,,,,,,,,,,,
Georgia,GEO,"Literacy rate, youth total (% of people ages 15-24)",SE.ADT.1524.LT.ZS,,,,,,,,,,,,100,,,,,,,,,,,,100,,,100,99.92053986,,,,100,,
Ghana,GHA,"Literacy rate, youth total (% of people ages 15-24)",SE.ADT.1524.LT.ZS,,,,,,,,,,71,,,79.70999908,,,,,,,86,,,,87.59999847,,,87.78218079,,,93.48000336,,85.86000061,,
Gibraltar,GIB,"Literacy rate, youth total (% of people ages 15-24)",SE.ADT.1524.LT.ZS,,,,,,,,,,,,,,,,,,,,,,,,,,,,,,,,,,
Guinea,GIN,"Literacy rate, youth total (% of people ages 15-24)",SE.ADT.1524.LT.ZS,,,,,,28,,,,,,,47,,45.93000031,,,,,31,,56.40000153,,46,,,,54,,,60.33000183,,,
"Gambia, The",GMB,"Literacy rate, youth total (% of people ages 15-24)",SE.ADT.1524.LT.ZS,,,,,,,,,,53,,,,,,,,,,,,,60.7779007,,67,,,71.07904816,,,67.49284363,74.69999695,,
Guinea-Bissau,GNB,"Literacy rate, youth total (% of people ages 15-24)",SE.ADT.1524.LT.ZS,,,,,,,,,,59,,,,,,,,,,,,,,60.40235138,,,,,75.31854248,,,68.94999695,,
Equatorial Guinea,GNQ,"Literacy rate, youth total (% of people ages 15-24)",SE.ADT.1524.LT.ZS,,,,,,,,,,97,,,,,,,,,,97.96704102,,,,,,,,,,,,,,
Greece,GRC,"Literacy rate, youth total (% of people ages 15-24)",SE.ADT.1524.LT.ZS,99,,,,,,,,,,99,,,,,,,,99,,,,,,,,,,,,,,,
Grenada,GRD,"Literacy rate, youth total (% of people ages 15-24)",SE.ADT.1524.LT.ZS,,,,,,,,,,,,,,,,,,,,,,,,,,,,,,,,,,
Greenland,GRL,"Literacy rate, youth total (% of people ages 15-24)",SE.ADT.1524.LT.ZS,,,,,,,,,,,,,,,,,,,,,,,,,,,,,,,,,,
Guatemala,GTM,"Literacy rate, youth total (% of people ages 15-24)",SE.ADT.1524.LT.ZS,,,,76,,,,,,81.72000122,,82,,,,87.83999634,,,,,,94,92,93.34999847,95.17960358,,,95,,,,94.98435211,,
Guam,GUM,"Literacy rate, youth total (% of people ages 15-24)",SE.ADT.1524.LT.ZS,,,,,,,,,,99.94999695,,,,,,,,,,,,,,,,,,,,,,,,
Guyana,GUY,"Literacy rate, youth total (% of people ages 15-24)",SE.ADT.1524.LT.ZS,,,,,,,,,,,,,,,,,,,93.09893799,,,,,96.68966675,,,,,,99.14366913,,97.90000153,,
High income,HIC,"Literacy rate, youth total (% of people ages 15-24)",SE.ADT.1524.LT.ZS,,,,,,,,,,,,,,98.77773285,98.82607269,,,,,,,,,,,,,,,99.25074005,99.28707123,,,
"Hong Kong SAR, China",HKG,"Literacy rate, youth total (% of people ages 15-24)",SE.ADT.1524.LT.ZS,,,,,,,,,,,,,,,,,,,,,,,,,,,,,,,,,,
Honduras,HND,"Literacy rate, youth total (% of people ages 15-24)",SE.ADT.1524.LT.ZS,,,,,,,,,,,91.23000336,,,90.87000275,91.79000092,,94,,93.94999695,95.15000153,95.93000031,94.98000336,95.06999969,95.68000031,96.01000214,96.12999725,,96.51999664,96.08000183,,,,,
Heavily indebted poor countries (HIPC),HPC,"Literacy rate, youth total (% of people ages 15-24)",SE.ADT.1524.LT.ZS,58.57593918,58.24880981,58.2971611,58.45611954,58.16136169,58.44213104,58.91057968,58.71475983,59.54914093,60.30429077,60.9916687,62.80179977,63.20901108,63.77595901,63.97592926,62.51124954,64.08904266,64.49539948,64.9545517,66.18016815,68.66780853,70.3895874,71.61354828,72.43956757,73.19496155,73.88079834,74.90490723,75.58171844,75.73789978,76.0194931,76.52610016,76.99830627,77.34925842,
Croatia,HRV,"Literacy rate, youth total (% of people ages 15-24)",SE.ADT.1524.LT.ZS,100,,,,,,,,,,100,,,,,,,,,,,,,,,,,,,,99.76000214,,,
Haiti,HTI,"Literacy rate, youth total (% of people ages 15-24)",SE.ADT.1524.LT.ZS,,,,,,,,,,,,,82,,,72.34671783,,,,,,85.44000244,,,,82.99424744,88.87232208,,,,,,,
Hungary,HUN,"Literacy rate, youth total (% of people ages 15-24)",SE.ADT.1524.LT.ZS,,,,,,,,,,,,,,,,,,,,,,,,,,,,,,,98.69999695,,,
IBRD only,IBD,"Literacy rate, youth total (% of people ages 15-24)",SE.ADT.1524.LT.ZS,85.70929718,86.09636688,86.38748932,86.73911285,87.13665009,87.49170685,88.7224884,89.74768066,90.06632996,90.39929199,90.76989746,91.18785858,91.72898865,92.10925293,92.46398163,92.760849,93.28661346,93.81227875,93.86477661,93.88303375,94.15901184,94.51837921,94.79773712,95.10610962,95.34342194,95.40634155,95.54627228,95.72891998,96.98474884,97.19000244,97.3572464,97.54109955,97.69673157,
IDA & IBRD total,IBT,"Literacy rate, youth total (% of people ages 15-24)",SE.ADT.1524.LT.ZS,80.92794037,81.29682922,81.61859131,81.92372894,82.23956299,82.54167175,83.54522705,84.49060822,84.86239624,84.89975739,85.28411102,85.83912659,86.40125275,86.81674957,87.07762146,86.84992218,87.24266052,87.73130798,87.84282684,88.34014893,88.63523865,88.98930359,89.49949646,89.79395294,90.11312866,90.32953644,90.50328064,90.57351685,91.5072403,91.6210022,91.76502991,91.92601013,92.04618073,
IDA total,IDA,"Literacy rate, youth total (% of people ages 15-24)",SE.ADT.1524.LT.ZS,61.24031067,62.01546097,62.94823837,63.6921196,64.2460022,64.87885284,65.5177002,66.55055237,67.50993347,66.91197205,67.59459686,68.78027344,69.52498627,70.19154358,70.31381226,68.6420517,68.95565033,69.73908997,70.37519073,72.63204956,73.37580872,74.16194916,75.7071228,76.35520172,77.29075623,78.27147675,78.87373352,79.01345062,79.55568695,79.7808609,80.17517853,80.54106903,80.83972168,
IDA blend,IDB,"Literacy rate, youth total (% of people ages 15-24)",SE.ADT.1524.LT.ZS,65.43034363,67.5477829,69.76270294,70.6466217,71.51493073,72.36724854,73.08377838,73.67424774,74.33468628,70.70191193,71.29250336,71.77262115,72.62197113,73.15466309,72.59812164,73.14775085,71.68022156,73.10858154,74.13413239,74.52567291,74.65453339,75.7983017,75.66899109,76.43251801,77.17913818,77.86374664,77.95545197,77.26878357,77.46414948,77.95310974,78.39800262,78.83453369,79.26641083,
Indonesia,IDN,"Literacy rate, youth total (% of people ages 15-24)",SE.ADT.1524.LT.ZS,,,,,,,,,,,,,,99,,97,,99,99,,99,,,100,100,100,99.58000183,100,,100,,,,
IDA only,IDX,"Literacy rate, youth total (% of people ages 15-24)",SE.ADT.1524.LT.ZS,59.233181,59.35675049,59.69498062,60.36297989,60.76002884,61.26227188,61.83221817,63.04999924,64.13108063,65.02362823,65.73383331,67.26586151,67.95954132,68.69210815,69.15540314,66.35469055,67.57099152,68.02438354,68.45968628,71.66594696,72.72363281,73.32958984,75.72644806,76.31613922,77.34690857,78.47537231,79.32951355,79.87628174,80.58656311,80.67932892,81.04811859,81.37976837,81.61519623,
Isle of Man,IMN,"Literacy rate, youth total (% of people ages 15-24)",SE.ADT.1524.LT.ZS,,,,,,,,,,,,,,,,,,,,,,,,,,,,,,,,,,
India,IND,"Literacy rate, youth total (% of people ages 15-24)",SE.ADT.1524.LT.ZS,62,,,,,,,,,,76,,,,,81,,,,,86,,,,,90.29386902,,,,94.59999847,,97,97,
Not classified,INX,"Literacy rate, youth total (% of people ages 15-24)",SE.ADT.1524.LT.ZS,,,,,,,,,,,,,,,,,,,,,,,,,,,,,,,,,,
Ireland,IRL,"Literacy rate, youth total (% of people ages 15-24)",SE.ADT.1524.LT.ZS,,,,,,,,,,,,,,,,,,,,,,,,,,,,,,,,,,
"Iran, Islamic Rep.",IRN,"Literacy rate, youth total (% of people ages 15-24)",SE.ADT.1524.LT.ZS,87,,,,,93,,,,,,,,,97,97,,98,,,,98,98,98,,98,,,,,,98.80999756,,
Iraq,IRQ,"Literacy rate, youth total (% of people ages 15-24)",SE.ADT.1524.LT.ZS,,,,,,,,,,85,,,,,,,,,,,,84,,89,,91,94,,,,,,,
Iceland,ISL,"Literacy rate, youth total (% of people ages 15-24)",SE.ADT.1524.LT.ZS,,,,,,,,,,,,,,,,,,,,,,,,,,,,,,,,,,
Israel,ISR,"Literacy rate, youth total (% of people ages 15-24)",SE.ADT.1524.LT.ZS,,,,,,,,,,,,,,,,,,,,,,,,,,,,,,,,,,
Italy,ITA,"Literacy rate, youth total (% of people ages 15-24)",SE.ADT.1524.LT.ZS,,,,,,,,,,,100,,,,,,,,,,100,,,,,,,,100,,,,,
Jamaica,JAM,"Literacy rate, youth total (% of people ages 15-24)",SE.ADT.1524.LT.ZS,,,,,,,,,92,,,,,,,,,,,,,,,,,,,,,,,93.56999969,,
Jordan,JOR,"Literacy rate, youth total (% of people ages 15-24)",SE.ADT.1524.LT.ZS,,,,,,,,,,,,,99,,99,,99,,,99,99,99,,,,,,97.09277344,,,,,99,
Japan,JPN,"Literacy rate, youth total (% of people ages 15-24)",SE.ADT.1524.LT.ZS,,,,,,,,,,,,,,,,,,,,,,,,,,,,,,,,,,
Kazakhstan,KAZ,"Literacy rate, youth total (% of people ages 15-24)",SE.ADT.1524.LT.ZS,,,,,,,,,100,,,,,,,,,,100,99.89736176,,,,,,,,,,99.90000153,,,,
Kenya,KEN,"Literacy rate, youth total (% of people ages 15-24)",SE.ADT.1524.LT.ZS,,,,,,,,,,93,,,,,,,82.39047241,,,,,,,86.52562714,,,,,,,,95.72988892,,
Kyrgyz Republic,KGZ,"Literacy rate, youth total (% of people ages 15-24)",SE.ADT.1524.LT.ZS,,,,,,,,,100,,,,,,,,,,100,,,,,,,,,,99.69999695,,,,,
Cambodia,KHM,"Literacy rate, youth total (% of people ages 15-24)",SE.ADT.1524.LT.ZS,,,,,,,,76,,,,,,83,77.95999908,,,87,87,79.44000244,,,,90,92,,,,,,91.83219147,95.97000122,,
Kiribati,KIR,"Literacy rate, youth total (% of people ages 15-24)",SE.ADT.1524.LT.ZS,,,,,,,,,,,,,,,,,,,,,,,,,,,,97.15876007,,,,,,
St. Kitts and Nevis,KNA,"Literacy rate, youth total (% of people ages 15-24)",SE.ADT.1524.LT.ZS,,,,,,,,,,,,,,,,,,,,,,,,,,,,,,,,,,
"Korea, Rep.",KOR,"Literacy rate, youth total (% of people ages 15-24)",SE.ADT.1524.LT.ZS,,,,,,,,,,,,,,,,,,100,,,,,,,,,,100,,,,,,
Kuwait,KWT,"Literacy rate, youth total (% of people ages 15-24)",SE.ADT.1524.LT.ZS,,,,,92,,,,,,,,,,100,99,98,99,,99,,99,99,,99,,99,99,,99,,,,
Latin America & Caribbean (excluding high income),LAC,"Literacy rate, youth total (% of people ages 15-24)",SE.ADT.1524.LT.ZS,91.00885773,91.68752289,92.34606934,92.99497986,93.64060974,93.98799896,94.11608887,94.33807373,94.56858826,94.78500366,94.94232178,95.36907196,96.18714142,96.30600739,96.49841309,96.56121063,96.77681732,96.98232269,97.21778107,97.17653656,97.68977356,97.86643982,97.8331604,98.12210083,98.21948242,98.3635025,98.36029053,98.44753265,98.49458313,98.48764038,98.54428864,98.60072327,98.6346817,
Lao PDR,LAO,"Literacy rate, youth total (% of people ages 15-24)",SE.ADT.1524.LT.ZS,,,,,71,,,,,81,78,,,,84,,,,,,72.05622864,,,,92,,87.91506195,,,,,94.51000214,,
Lebanon,LBN,"Literacy rate, youth total (% of people ages 15-24)",SE.ADT.1524.LT.ZS,,,,,,,,,,,,,,,,,99,,99,,,,,,,,,97,,,,,,
Liberia,LBR,"Literacy rate, youth total (% of people ages 15-24)",SE.ADT.1524.LT.ZS,,,,,,,,,,,,,,,,,49.07410812,,,,,,75.05999756,,,,55.39870071,,77.45999908,,,,,
Libya,LBY,"Literacy rate, youth total (% of people ages 15-24)",SE.ADT.1524.LT.ZS,,,,97.90000153,,,,,,,,,,,,,,,,,,,,,,,,,,,,,,
St. Lucia,LCA,"Literacy rate, youth total (% of people ages 15-24)",SE.ADT.1524.LT.ZS,,,,,,,,,,,,,,,,,,,,,,99.98000336,,,,,,,,,,,,
Latin America & Caribbean,LCN,"Literacy rate, youth total (% of people ages 15-24)",SE.ADT.1524.LT.ZS,91.53437805,92.14644623,92.73970032,93.32685089,93.91158295,94.22766876,94.35014343,94.59259033,94.8098526,95.01228333,95.16770935,95.56565094,96.31987,96.44152069,96.62947845,96.73310089,96.94023132,97.13288116,97.34371185,97.31098175,97.73799133,97.90071106,97.86769867,98.1967926,98.26236725,98.3879776,98.37647247,98.45691681,98.49913025,98.49362946,98.54633331,98.59947205,98.63147736,
Least developed countries: UN classification,LDC,"Literacy rate, youth total (% of people ages 15-24)",SE.ADT.1524.LT.ZS,56.4301796,56.50212097,56.83895111,57.5455513,58.35902023,58.86264038,59.44530106,60.76390076,61.92449951,62.52407837,63.27054977,64.93672943,65.66320801,66.44702148,66.9204483,63.69755173,64.86707306,65.29521179,66.25041962,69.82128143,71.01043701,71.72190094,74.414711,75.02359009,76.17415619,77.3989563,78.31269073,78.18434906,78.99671936,79.1242218,79.57303619,79.98713684,80.29020691,
Low income,LIC,"Literacy rate, youth total (% of people ages 15-24)",SE.ADT.1524.LT.ZS,57.98632813,57.37390137,57.18157959,57.12503815,57.25487137,57.36561966,57.73051071,58.20384979,58.54285812,58.75310135,59.31061935,61.48957062,61.91305923,62.56996918,62.95886993,61.41233826,63.061409,64.36593628,65.20146179,65.92835236,68.69970703,69.58618927,70.70780945,71.1870575,71.96705627,72.68138885,73.69734955,73.20400238,73.32401276,73.54268646,74.10439301,74.62078094,75.0418396,
Liechtenstein,LIE,"Literacy rate, youth total (% of people ages 15-24)",SE.ADT.1524.LT.ZS,,,,,,,,,,,,,,,,,,,,,,,,,,,,,,,,,,
Sri Lanka,LKA,"Literacy rate, youth total (% of people ages 15-24)",SE.ADT.1524.LT.ZS,,,,,,,,,,,96,,,,,97,,98,,98,,,,,,99,99,99,99,99,99,99,,
Lower middle income,LMC,"Literacy rate, youth total (% of people ages 15-24)",SE.ADT.1524.LT.ZS,65.97796631,67.15872192,68.15984344,69.21150208,70.13110352,71.11231995,71.97411346,74.31130981,75.36766052,75.61501312,76.45783997,77.28897858,78.27722168,79.07389832,79.59629059,79.62338257,80.23557281,81.03101349,81.73451233,82.97859955,83.38083649,84.2803421,85.49669647,86.22695923,87.07070923,87.66226196,88.14917755,88.61888885,90.58197021,90.93727875,91.26296234,91.5725708,91.83663177,
Low & middle income,LMY,"Literacy rate, youth total (% of people ages 15-24)",SE.ADT.1524.LT.ZS,80.72239685,81.08664703,81.4070282,81.7097168,82.02291107,82.32309723,83.33586884,84.28768158,84.66649628,84.7026062,85.09607697,85.66555023,86.240242,86.66517639,86.9332962,86.70433807,87.10453033,87.60433197,87.71927643,88.22575378,88.53024292,88.88955688,89.40756226,89.70011902,90.02340698,90.24407959,90.42263031,90.49552155,91.44126892,91.55806732,91.70404053,91.86737061,91.97692108,
Lesotho,LSO,"Literacy rate, youth total (% of people ages 15-24)",SE.ADT.1524.LT.ZS,,,,,,,,,,91,,,,,,,,,83.19441223,,,,,86.63220215,,,,95.19470215,,,,89.73000336,,
Late-demographic dividend,LTE,"Literacy rate, youth total (% of people ages 15-24)",SE.ADT.1524.LT.ZS,94.0088501,94.23143005,94.45195007,94.68180084,94.92909241,95.16301727,97.18756866,97.29432678,97.38424683,97.47810364,97.62313843,97.7624588,98.06536865,98.19164276,98.31226349,98.45162964,98.73052979,98.79136658,98.81786346,98.81764984,98.95851135,99.16455841,99.23461151,99.27992249,99.28230286,99.33799744,99.35729218,99.3759079,99.4050293,99.43630219,99.47371674,99.5087738,99.53520203,
Lithuania,LTU,"Literacy rate, youth total (% of people ages 15-24)",SE.ADT.1524.LT.ZS,,,,,,,,,,,100,,,,,,,,,,100,,,,,,,,,,99.94999695,,,
Luxembourg,LUX,"Literacy rate, youth total (% of people ages 15-24)",SE.ADT.1524.LT.ZS,,,,,,,,,,,,,,,,,,,,,,,,,,,,,,,,,,
Latvia,LVA,"Literacy rate, youth total (% of people ages 15-24)",SE.ADT.1524.LT.ZS,,,,,,,,,,100,,,,,,,,,,,100,,,,,,,,,,99.81999969,,,
"Macao SAR, China",MAC,"Literacy rate, youth total (% of people ages 15-24)",SE.ADT.1524.LT.ZS,,,,,,,,,,,100,,,,,100,,,,,100,,,,,100,,,,,99.79000092,,,
St. Martin (French part),MAF,"Literacy rate, youth total (% of people ages 15-24)",SE.ADT.1524.LT.ZS,,,,,,,,,,,,,,,,,,,,,,,,,,,,,,,,,,
Morocco,MAR,"Literacy rate, youth total (% of people ages 15-24)",SE.ADT.1524.LT.ZS,,,,58,,,,,,,,,,70,,,,78,79,,82,91,,,,,,,,,,98.51999664,,
Monaco,MCO,"Literacy rate, youth total (% of people ages 15-24)",SE.ADT.1524.LT.ZS,,,,,,,,,,,,,,,,,,,,,,,,,,,,,,,,,,
Moldova,MDA,"Literacy rate, youth total (% of people ages 15-24)",SE.ADT.1524.LT.ZS,,,,,,,,,,100,,,,,99.91000366,,,,,,,99.91000366,,100,,,,,,,99.69999695,,,
Madagascar,MDG,"Literacy rate, youth total (% of people ages 15-24)",SE.ADT.1524.LT.ZS,,,,,,,,,,70,,,,,58,,,,64.94024658,,,77,,,,,,80,,,82.38259888,80.73000336,,
Maldives,MDV,"Literacy rate, youth total (% of people ages 15-24)",SE.ADT.1524.LT.ZS,,,,,98,,,,,98,,,,,,99,,,,,,,,99,,99,98.13088989,,98.74423981,,99.43000031,,,
"Middle East, North Africa, Afghanistan & Pakistan",MEA,"Literacy rate, youth total (% of people ages 15-24)",SE.ADT.1524.LT.ZS,78.74198151,79.79860687,79.67501831,80.56228638,81.83984375,82.75093079,83.61924744,84.36316681,85.12288666,85.81147766,86.59729767,87.26563263,88.38231659,88.95101929,89.31587982,89.44830322,90.14309692,91.11820221,88.75276947,89.03765869,89.27990723,90.07028961,90.59384918,90.68309784,90.81234741,89.38910675,89.63127136,89.81838989,90.0474472,90.29154968,90.56874084,90.7463913,90.88581085,
Mexico,MEX,"Literacy rate, youth total (% of people ages 15-24)",SE.ADT.1524.LT.ZS,,,,,,,,,,97.33000183,,97.51999664,,97.29000092,98,97.86000061,98,98.29000092,99,98.41000366,98,98.75,99,98.65000153,99,98.59999847,99,98.61000061,,98.95999908,,98.94999695,,
Marshall Islands,MHL,"Literacy rate, youth total (% of people ages 15-24)",SE.ADT.1524.LT.ZS,,,,,,,,,,,,,,,,,,,,,98,,,,,,,,,,,,,
Middle income,MIC,"Literacy rate, youth total (% of people ages 15-24)",SE.ADT.1524.LT.ZS,82.34340668,82.80899048,83.2088623,83.58454132,83.95749664,84.3157196,85.41648865,86.43473053,86.85645294,86.91658783,87.32151031,87.78060913,88.40113831,88.83895111,89.12989807,89.06327057,89.40718842,89.89373016,89.99891663,90.54837036,90.65891266,91.03347015,91.55149078,91.88462067,92.22416687,92.45606995,92.59796143,92.81025696,93.93871307,94.11328888,94.26571655,94.43456268,94.56331635,
North Macedonia,MKD,"Literacy rate, youth total (% of people ages 15-24)",SE.ADT.1524.LT.ZS,,,,99,,,,,,,,99,,,,,,,,,,98.59999847,,,,,,,,,,,,
Mali,MLI,"Literacy rate, youth total (% of people ages 15-24)",SE.ADT.1524.LT.ZS,,,,,,,,24,,,,,,,,39,,,,44,42,,,,49,,,50,,46,,,,
Malta,MLT,"Literacy rate, youth total (% of people ages 15-24)",SE.ADT.1524.LT.ZS,,,,,96,,,,,,,,,,98,,,,,,99,,,,,,,,,,99.44999695,,,
Myanmar,MMR,"Literacy rate, youth total (% of people ages 15-24)",SE.ADT.1524.LT.ZS,,,,,,,,,,95,,,,,,,,,,,,,,,,90.42327118,,,95,,,,,
"Middle East, North Africa, Afghanistan & Pakistan (excluding high income)",MNA,"Literacy rate, youth total (% of people ages 15-24)",SE.ADT.1524.LT.ZS,77.3704071,78.47489166,78.24272919,79.12973022,80.47337341,81.43405151,82.33583069,82.96221161,83.77501678,84.52980804,85.40042877,86.14942169,87.52055359,88.13308716,88.51207733,88.58467865,89.26241302,90.25884247,87.44377899,87.68637085,87.65988159,88.59754944,89.24001312,89.37275696,89.59580231,87.99941254,88.32949829,88.59358215,88.90550232,89.19757843,89.48410034,89.71373749,89.86395264,
Montenegro,MNE,"Literacy rate, youth total (% of people ages 15-24)",SE.ADT.1524.LT.ZS,99,,,,,,,,,,,,99,,,,,,,,99,,,,,,,97.42230225,,,99.05000305,,,
Mongolia,MNG,"Literacy rate, youth total (% of people ages 15-24)",SE.ADT.1524.LT.ZS,,,,,,,,,,98,,,,,,,,,,98,,,,,,,,99.53312683,,99,,,,
Northern Mariana Islands,MNP,"Literacy rate, youth total (% of people ages 15-24)",SE.ADT.1524.LT.ZS,,,,,,,,,,,,,,,,,,,,,,,,,,,,,,,,,,
Mozambique,MOZ,"Literacy rate, youth total (% of people ages 15-24)",SE.ADT.1524.LT.ZS,,,,,,,47,,,,,,62,,,,,,67,,,,,,71,,71,,,70,,,,
Mauritania,MRT,"Literacy rate, youth total (% of people ages 15-24)",SE.ADT.1524.LT.ZS,,,,,,,,,,61,,,,,,,56.12242889,,,,,,71,,81.42108917,,,,,70.86398315,76.48999786,,,
Mauritius,MUS,"Literacy rate, youth total (% of people ages 15-24)",SE.ADT.1524.LT.ZS,,,,,,,,,,95,,,,,,,,,,,98,,,,,,,,,,99.30000305,,,
Malawi,MWI,"Literacy rate, youth total (% of people ages 15-24)",SE.ADT.1524.LT.ZS,,,,,,,,76,,,,,,,,,,,,72.13955688,,,,76.08190918,72.93560791,,,,,80.72570038,,76.79000092,,
Malaysia,MYS,"Literacy rate, youth total (% of people ages 15-24)",SE.ADT.1524.LT.ZS,96,,,,,,,,,,,,,,,,,,,98,,,,,,98,97,97,97,,,99,,
North America,NAC,"Literacy rate, youth total (% of people ages 15-24)",SE.ADT.1524.LT.ZS,,,,,,,,,,,,,99.58637238,99.58963013,99.59187317,99.59474182,99.59647369,99.59728241,,,,,,,,,99.6121521,99.61271667,99.61370087,99.61325836,99.61460876,99.6149826,,
Namibia,NAM,"Literacy rate, youth total (% of people ages 15-24)",SE.ADT.1524.LT.ZS,88,,,,,,,,,89.43000031,92,,,,,,87.09541321,,,,94,,94.16000366,,,,,,,,95.55000305,,,
New Caledonia,NCL,"Literacy rate, youth total (% of people ages 15-24)",SE.ADT.1524.LT.ZS,,,,,,99,,,,,,,,,,99.19999695,,,,,,,,,,,,,,,,,,
Niger,NER,"Literacy rate, youth total (% of people ages 15-24)",SE.ADT.1524.LT.ZS,,,,,,,,,,,20,,,,37,21.38999939,,,,,,40,,,,,,,,,,48.20999908,,
Nigeria,NGA,"Literacy rate, youth total (% of people ages 15-24)",SE.ADT.1524.LT.ZS,71,,,,,,,,,,,,69,,,79,,66.38353729,,,,,79.16000366,,,72.95526123,,65.78498077,,,73.67276764,,,
Nicaragua,NIC,"Literacy rate, youth total (% of people ages 15-24)",SE.ADT.1524.LT.ZS,,,,,,,,,,,87.33000183,,,,90.98999786,,,,93.66999817,,,,,95.33999634,91.57177734,,,,,,,,,
Netherlands,NLD,"Literacy rate, youth total (% of people ages 15-24)",SE.ADT.1524.LT.ZS,,,,,,,,,,,,,,,,,,,,,,,,,,,,,,,,,,
Norway,NOR,"Literacy rate, youth total (% of people ages 15-24)",SE.ADT.1524.LT.ZS,,,,,,,,,,,,,,,,,,,,,,,,,,,,,,,,,,
Nepal,NPL,"Literacy rate, youth total (% of people ages 15-24)",SE.ADT.1524.LT.ZS,50,,,,,,,,,,70,,,,,82.09999847,,,,,85,,,,,89.09406281,,,94.23831177,,94.18000031,,,
Nauru,NRU,"Literacy rate, youth total (% of people ages 15-24)",SE.ADT.1524.LT.ZS,,,,,,,,,,,,,,,,,,,,,,,,,,,,,,,,,,
New Zealand,NZL,"Literacy rate, youth total (% of people ages 15-24)",SE.ADT.1524.LT.ZS,,,,,,,,,,,,,,,,,,,,,,,,,,,,,,,,,,
OECD members,OED,"Literacy rate, youth total (% of people ages 15-24)",SE.ADT.1524.LT.ZS,,,,,,,,,,,,,,98.40721893,98.47776794,,,,,,,,,,,,,99.18363953,99.25330353,99.24183655,99.26622772,99.28530884,,
Oman,OMN,"Literacy rate, youth total (% of people ages 15-24)",SE.ADT.1524.LT.ZS,,,,,,,,,,,,,97,,,,,98,,98,,,,,99,,99,99,,,,100,,
Other small states,OSS,"Literacy rate, youth total (% of people ages 15-24)",SE.ADT.1524.LT.ZS,85.57485962,85.63642883,85.80519867,85.83422089,85.99066162,86.39112091,86.83856201,87.36016083,87.71726227,87.73911285,88.0619278,88.26641083,88.44100189,88.65383148,88.8945694,88.45159149,87.91200256,88.29440308,87.45172882,87.46124268,87.78858948,88.23229218,88.76109314,88.96814728,89.5667572,89.71560669,89.89012146,90.0925293,90.24833679,90.46504974,90.57785797,90.75409698,90.85159302,
Pakistan,PAK,"Literacy rate, youth total (% of people ages 15-24)",SE.ADT.1524.LT.ZS,,,,,,,,55,,,,,,,65,69,66,71,71,71,71,73,72,73,,,75,72,73,,,,,
Panama,PAN,"Literacy rate, youth total (% of people ages 15-24)",SE.ADT.1524.LT.ZS,,,,,,,,,,96,,,,,,,,,,98,,,,98.01000214,98.23999786,98.76000214,99.06999969,99.09999847,98.87999725,,99.25,99.33999634,,
Peru,PER,"Literacy rate, youth total (% of people ages 15-24)",SE.ADT.1524.LT.ZS,,,95,,,,,,,97.58000183,97.16000366,96.76000214,96.84999847,97.36000061,97.48000336,97.98999786,97.55000305,97.83999634,98.33999634,98.30999756,98.44999695,98.72000122,98.88999939,98.98999786,99.05000305,98.94000244,99.08000183,99.04000092,99.12000275,99.51999664,99.12000275,99.30000305,,
Philippines,PHL,"Literacy rate, youth total (% of people ages 15-24)",SE.ADT.1524.LT.ZS,,,,96,,,,,,95,,,95,,,,,98,,,,,98,,99,,,,98,99,,99.76999664,,
Palau,PLW,"Literacy rate, youth total (% of people ages 15-24)",SE.ADT.1524.LT.ZS,,,,,,,,,,,,,,,,,,,,,,,100,,99,,,,,,,,,
Papua New Guinea,PNG,"Literacy rate, youth total (% of people ages 15-24)",SE.ADT.1524.LT.ZS,,,,,,,,,,67,,,,,,,,,,67.90000153,,,,,,,82.72244263,,,,,,,
Poland,POL,"Literacy rate, youth total (% of people ages 15-24)",SE.ADT.1524.LT.ZS,,,,,,,,,,,,,,,,,,,,,,,,,,,,,,,99.90000153,,,
Pre-demographic dividend,PRE,"Literacy rate, youth total (% of people ages 15-24)",SE.ADT.1524.LT.ZS,65.76676178,65.78276825,66.09501648,66.56334686,66.62525177,67.07546997,67.63012695,67.60572815,68.42681885,66.31535339,66.99693298,67.56629944,67.65550995,68.05307007,67.43689728,66.23191071,65.39610291,65.64644623,64.59262848,65.59745026,67.70091248,69.21859741,70.30352783,70.99175262,71.71466064,72.34570313,73.28469849,74.15885925,74.38593292,74.69470215,75.16658783,75.62590027,75.96999359,
Puerto Rico (US),PRI,"Literacy rate, youth total (% of people ages 15-24)",SE.ADT.1524.LT.ZS,,,,,,,,,,,,,,,,,,,,99,,,,,,,92,,,,92.40000153,,,
"Korea, Dem. People's Rep.",PRK,"Literacy rate, youth total (% of people ages 15-24)",SE.ADT.1524.LT.ZS,,,,,,,,,,,,,,,,,,100,,,,,,,,,,99.99964142,,,,,,
Portugal,PRT,"Literacy rate, youth total (% of people ages 15-24)",SE.ADT.1524.LT.ZS,99,,,,,,,,,,,,,,,,,,,,99,,,,,,,,,,99.70999908,,,
Paraguay,PRY,"Literacy rate, youth total (% of people ages 15-24)",SE.ADT.1524.LT.ZS,,96,,,,,,,,,95.63999939,97.44000244,97.37000275,97.23000336,97.87999725,98.13999939,98.72000122,97.90000153,98.48000336,98.55000305,98.51999664,98.18000031,98.90000153,98.70999908,98.65000153,98.44000244,98.26000214,98.27999878,98.36000061,98.63999939,98.62999725,99.08000183,,
West Bank and Gaza,PSE,"Literacy rate, youth total (% of people ages 15-24)",SE.ADT.1524.LT.ZS,,,,,,,97,,,,,,,99,,99,99,99,99,99,99,99,99,99,99,99,99,99,99,99,,99,,
Pacific island small states,PSS,"Literacy rate, youth total (% of people ages 15-24)",SE.ADT.1524.LT.ZS,,,,,,,,,,,,,,,,,,,,,,,,,,,,,,,,,,
Post-demographic dividend,PST,"Literacy rate, youth total (% of people ages 15-24)",SE.ADT.1524.LT.ZS,,,,,,,,,,,,,,,,,,,,,,,,,,,,,,,,,,
French Polynesia,PYF,"Literacy rate, youth total (% of people ages 15-24)",SE.ADT.1524.LT.ZS,,,,,,,,,,,,,,,,,,,,,,,,,,,,,,,,,,
Qatar,QAT,"Literacy rate, youth total (% of people ages 15-24)",SE.ADT.1524.LT.ZS,,,,,,,95,,,,,,,96,,,99,96,98,97,98,99,99,99,,,,,,,,,,
Romania,ROU,"Literacy rate, youth total (% of people ages 15-24)",SE.ADT.1524.LT.ZS,,99,,,,,,,,,,98,,,,,,,,,99,,,,,,,,,,100,,,
Russian Federation,RUS,"Literacy rate, youth total (% of people ages 15-24)",SE.ADT.1524.LT.ZS,,,,,,,,,,,,100,,,,,,,,100,,,,,,,,,,,100,,,
Rwanda,RWA,"Literacy rate, youth total (% of people ages 15-24)",SE.ADT.1524.LT.ZS,75,,,,,,,,,78,,,,,70.45999908,,,,,77.34462738,,82,,85,88.55225372,,,86,,91.51316833,,90,,
South Asia,SAS,"Literacy rate, youth total (% of people ages 15-24)",SE.ADT.1524.LT.ZS,58.45866013,59.95397186,61.42388916,62.59751129,63.76285172,64.90962982,65.93380737,69.47396851,70.70687866,71.83154297,72.86010742,73.94268036,75.11904144,76.12944031,77.12950134,77.13462067,78.11264801,79.41443634,80.53006744,82.09757996,82.84165955,83.46581268,84.99971771,85.81677246,86.90074158,88.04698944,88.59818268,88.4753418,91.19854736,91.6685791,92.17350769,92.67401123,93.1241684,
Saudi Arabia,SAU,"Literacy rate, youth total (% of people ages 15-24)",SE.ADT.1524.LT.ZS,,88,,,,,,,,96,,,,96,,,,,,,,,99,,,,99,,,99,,,,
Sudan,SDN,"Literacy rate, youth total (% of people ages 15-24)",SE.ADT.1524.LT.ZS,,,,,,,,,,78,,,,,,,,66,,,,,,,,,,73,,,,,,
Senegal,SEN,"Literacy rate, youth total (% of people ages 15-24)",SE.ADT.1524.LT.ZS,,,,,,,,,,,,49,,,46.13000107,51,,,63,,66,,57,57.29000092,61.28662872,64.51500702,69,65.95587921,66.50422668,,,78.13999939,,
Singapore,SGP,"Literacy rate, youth total (% of people ages 15-24)",SE.ADT.1524.LT.ZS,,,,,,,,,,100,,,,,,,,,,100,100,100,100,100,100,100,100,100,100,100,100,,,
Solomon Islands,SLB,"Literacy rate, youth total (% of people ages 15-24)",SE.ADT.1524.LT.ZS,,,,,,,,,,,,,,,,,,,,,,,,,,,,,,,,,,
Sierra Leone,SLE,"Literacy rate, youth total (% of people ages 15-24)",SE.ADT.1524.LT.ZS,,,,,,,,,,,,,,48,,,,58.41999817,,,,,57.02212906,,,,73.60394287,,72.98558044,,,73.45999908,,
El Salvador,SLV,"Literacy rate, youth total (% of people ages 15-24)",SE.ADT.1524.LT.ZS,,85,,,,,,,,92.41000366,93.56999969,93.26999664,93.33000183,93.83000183,94.91000366,94.94999695,95.48000336,96,95.61000061,96.02999878,97,97.13999939,97.22000122,97.76999664,97.94999695,98.01000214,97.98000336,97.97000122,98.34999847,98.51000214,98.06999969,98.26999664,98,
San Marino,SMR,"Literacy rate, youth total (% of people ages 15-24)",SE.ADT.1524.LT.ZS,,,,,,,,,,,,,,,,,,,,,,,,,,,,,,,,100,,
Somalia,SOM,"Literacy rate, youth total (% of people ages 15-24)",SE.ADT.1524.LT.ZS,,,,,,,,,,,,,,,,,,,,,,,,,,,,,,,,71,,
Serbia,SRB,"Literacy rate, youth total (% of people ages 15-24)",SE.ADT.1524.LT.ZS,,,,,,,,,,,,,99,,,,,,,,99,,,,,100,,,100,,,,,
Sub-Saharan Africa (excluding high income),SSA,"Literacy rate, youth total (% of people ages 15-24)",SE.ADT.1524.LT.ZS,65.96560669,65.91098022,66.19854736,66.5506897,66.54759979,66.95007324,67.50395966,67.57678223,68.34845734,66.70184326,67.30873108,68.6359024,68.8988266,69.50312805,69.10362244,68.17594147,68.32125854,68.60523987,69.02575684,69.98769379,71.82608032,73.21179962,74.13240051,74.71665192,75.33293915,75.88504791,76.44902039,77.58573151,77.7990036,77.9228363,78.16095734,78.4243927,78.62207031,
South Sudan,SSD,"Literacy rate, youth total (% of people ages 15-24)",SE.ADT.1524.LT.ZS,,,,,,,,,,,,,,,,,,37,,,,,,,,,,47.90095901,,,,,,
Sub-Saharan Africa,SSF,"Literacy rate, youth total (% of people ages 15-24)",SE.ADT.1524.LT.ZS,65.97035217,65.91552734,66.20288849,66.55489349,66.55175018,66.95413208,67.50789642,67.58067322,68.35214233,66.70558929,67.31226349,68.63916779,68.90196991,69.50611115,69.10655212,68.17886353,68.32409668,68.60801697,69.02845764,69.99028778,71.82848358,73.21405792,74.13452148,74.71865082,75.33483124,75.88681793,76.45066833,77.58724976,77.80043793,77.92420959,78.16226196,78.4256134,78.62325287,
Small states,SST,"Literacy rate, youth total (% of people ages 15-24)",SE.ADT.1524.LT.ZS,87.69457245,87.71894836,87.83502197,87.85054779,88.00543213,88.33106232,88.69146729,89.10243225,89.39788055,89.47109222,89.75228882,89.94026947,90.09713745,90.2740097,90.46575165,90.13397217,89.80802155,90.08525085,89.45748138,89.42958069,89.68054962,89.98461151,90.43543243,90.58302307,91.00480652,91.10598755,91.22998047,91.3743515,91.51251221,91.66000366,91.7531662,91.8828125,91.95482635,
Sao Tome and Principe,STP,"Literacy rate, youth total (% of people ages 15-24)",SE.ADT.1524.LT.ZS,94,,,,,,,,,,95,,,,,,,80.20316315,,,,97,,,,,,,95.48574829,,,98.18000031,,
Suriname,SUR,"Literacy rate, youth total (% of people ages 15-24)",SE.ADT.1524.LT.ZS,,,,,,,,,,,,,,95,,,,99,,98,,98,,,,,,97.68766785,,,98.90000153,,,
Slovak Republic,SVK,"Literacy rate, youth total (% of people ages 15-24)",SE.ADT.1524.LT.ZS,,,,,,,,,,,,,,,,,,,,,,,,,,,,,,,,,,
Slovenia,SVN,"Literacy rate, youth total (% of people ages 15-24)",SE.ADT.1524.LT.ZS,100,,,,,,,,,,99.80000305,,,,,,,,,,,,,,,,,,,,,,,
Sweden,SWE,"Literacy rate, youth total (% of people ages 15-24)",SE.ADT.1524.LT.ZS,,,,,,,,,,,,,,,,,,,,,,,,,,,,,,,,,,
Eswatini,SWZ,"Literacy rate, youth total (% of people ages 15-24)",SE.ADT.1524.LT.ZS,,,,,,,,,,92,,,,,,91.41000366,,,,93.50229645,,,,,,,,,,95.88999939,,98.65985107,,
Sint Maarten (Dutch part),SXM,"Literacy rate, youth total (% of people ages 15-24)",SE.ADT.1524.LT.ZS,,,,,,,,,,,,,,,,,,,,,,,,,,,,,,,,,,
Seychelles,SYC,"Literacy rate, youth total (% of people ages 15-24)",SE.ADT.1524.LT.ZS,,,,99,,,,,,,,99,,,,,,,,99,,,,,,,,,,99.09999847,,,,
Syrian Arab Republic,SYR,"Literacy rate, youth total (% of people ages 15-24)",SE.ADT.1524.LT.ZS,,,,,,,,,,,,95,,92,,,,,,,,,,96.09999847,,,,,,,98,,,
Turks and Caicos Islands,TCA,"Literacy rate, youth total (% of people ages 15-24)",SE.ADT.1524.LT.ZS,,,,,,,,,,,,,,,,,,,,,,,,,,,,,,99.94000244,,,,
Chad,TCD,"Literacy rate, youth total (% of people ages 15-24)",SE.ADT.1524.LT.ZS,,,17,,,,,,,38,,,,42,,,,,,,,,,,38.77241898,31,,,45.13460159,,,36.06999969,,
East Asia & Pacific (IDA & IBRD countries),TEA,"Literacy rate, youth total (% of people ages 15-24)",SE.ADT.1524.LT.ZS,94.44647217,94.61553192,94.75118256,95.00254059,95.26590729,95.48416138,97.7270813,97.80915833,97.86126709,97.87161255,97.93785858,98.01846313,98.14479065,98.23342133,98.31645966,98.12069702,98.49429321,98.86238098,98.82530975,98.81098175,98.3917923,98.43302155,98.46807861,98.66712952,98.71473694,98.73535156,98.73549652,98.66316223,99.01273346,99.10385895,99.13050079,99.16544342,99.18948364,
Europe & Central Asia (IDA & IBRD countries),TEC,"Literacy rate, youth total (% of people ages 15-24)",SE.ADT.1524.LT.ZS,98.50962067,98.54981995,98.58545685,98.64070129,98.67314911,98.71114349,98.7416687,98.80198669,98.78681183,98.9303894,98.9567337,98.98628998,98.98686981,98.96159363,99.04266357,99.04988098,99.07897949,99.11646271,99.38661957,99.45465088,99.5342865,99.5929718,99.63327026,99.66098785,99.68683624,99.71405029,99.76560974,99.84990692,99.87200928,99.88317871,99.8912735,99.89508057,99.89848328,
Togo,TGO,"Literacy rate, youth total (% of people ages 15-24)",SE.ADT.1524.LT.ZS,,,,,,,,,,74,,,,,,76,,,82,,80,,,79.66000366,84,,82.50614929,,88,,,,,
Thailand,THA,"Literacy rate, youth total (% of people ages 15-24)",SE.ADT.1524.LT.ZS,,,,,,,,,,98,,,,,98,,,,,97,,,98,,98,97.49385834,,98,98.5203476,,98.80000305,98.17295837,,
Tajikistan,TJK,"Literacy rate, youth total (% of people ages 15-24)",SE.ADT.1524.LT.ZS,,,,,,,,,,100,,,,,,,,,,99.90000153,,,,,,,98.80999756,,,,,,,
Turkmenistan,TKM,"Literacy rate, youth total (% of people ages 15-24)",SE.ADT.1524.LT.ZS,,,,,100,,,,,,,,,,99.80000305,,,,,,,,,,,,,,,,,,,
Latin America & the Caribbean (IDA & IBRD countries),TLA,"Literacy rate, youth total (% of people ages 15-24)",SE.ADT.1524.LT.ZS,91.3006134,91.9467926,92.57276917,93.19062805,93.80445862,94.13929749,94.27385712,94.52940369,94.75695038,94.96726227,95.11784363,95.51571655,96.27732849,96.39221191,96.57489777,96.67843628,96.88715363,97.08200836,97.29844666,97.26441193,97.70065308,97.86702728,97.83361053,98.17002869,98.26841736,98.39562225,98.38292694,98.46383667,98.50647736,98.50052643,98.55400848,98.60784912,98.64109039,
Timor-Leste,TLS,"Literacy rate, youth total (% of people ages 15-24)",SE.ADT.1524.LT.ZS,,,,,,,,,,,,,,,,,,,85.63999939,80,,,,,,89.14447784,,,,85.09999847,,,,
"Middle East, North Africa, Afghanistan & Pakistan (IDA & IBRD)",TMN,"Literacy rate, youth total (% of people ages 15-24)",SE.ADT.1524.LT.ZS,77.1894989,78.30217743,78.06334686,78.95401764,80.3079071,81.275383,82.18385315,82.81463623,83.63478851,84.39614868,85.27443695,86.01693726,87.4006424,88.0178833,88.39859772,88.46836853,89.15119171,90.1548996,87.30185699,87.54328156,87.51100159,88.45638275,89.10275269,89.23349762,89.45728302,87.83496857,88.16737366,88.43509674,88.75121307,89.04911804,89.33873749,89.56984711,89.72216797,
Tonga,TON,"Literacy rate, youth total (% of people ages 15-24)",SE.ADT.1524.LT.ZS,,,,,,99,,,,,,,,,,99,,,,,99,,,,,,,,99.89434052,,99.40000153,,,
South Asia (IDA & IBRD),TSA,"Literacy rate, youth total (% of people ages 15-24)",SE.ADT.1524.LT.ZS,58.45866013,59.95397186,61.42388916,62.59751129,63.76285172,64.90962982,65.93380737,69.47396851,70.70687866,71.83154297,72.86010742,73.94268036,75.11904144,76.12944031,77.12950134,77.13462067,78.11264801,79.41443634,80.53006744,82.09757996,82.84165955,83.46581268,84.99971771,85.81677246,86.90074158,88.04698944,88.59818268,88.4753418,91.19854736,91.6685791,92.17350769,92.67401123,93.1241684,
Sub-Saharan Africa (IDA & IBRD countries),TSS,"Literacy rate, youth total (% of people ages 15-24)",SE.ADT.1524.LT.ZS,65.97035217,65.91552734,66.20288849,66.55489349,66.55175018,66.95413208,67.50789642,67.58067322,68.35214233,66.70558929,67.31226349,68.63916779,68.90196991,69.50611115,69.10655212,68.17886353,68.32409668,68.60801697,69.02845764,69.99028778,71.82848358,73.21405792,74.13452148,74.71865082,75.33483124,75.88681793,76.45066833,77.58724976,77.80043793,77.92420959,78.16226196,78.4256134,78.62325287,
Trinidad and Tobago,TTO,"Literacy rate, youth total (% of people ages 15-24)",SE.ADT.1524.LT.ZS,,,,,,,,,,99.40000153,,,,,,,,,,,,,,,,,,,,,,92,,
Tunisia,TUN,"Literacy rate, youth total (% of people ages 15-24)",SE.ADT.1524.LT.ZS,,,,,,,,,,,,,,94,,,96,97,,97,97,97,,96,,,,97.97743988,97,,,98.16139221,,
Turkiye,TUR,"Literacy rate, youth total (% of people ages 15-24)",SE.ADT.1524.LT.ZS,,,,,,,,,,,,,,96,96,96,96,,98,98,99,99,99,99,99,100,100,99.38999939,100,,,,,
Tuvalu,TUV,"Literacy rate, youth total (% of people ages 15-24)",SE.ADT.1524.LT.ZS,,,,,,,,,,,,,,,,,,,,,,,,,,,,,98.81539154,,,,,
Tanzania,TZA,"Literacy rate, youth total (% of people ages 15-24)",SE.ADT.1524.LT.ZS,,,,,,,,,,,,78,,,,,,,,74.56051636,,86,,,86,,,,,,,87.07037354,,
Uganda,UGA,"Literacy rate, youth total (% of people ages 15-24)",SE.ADT.1524.LT.ZS,70,,,,,,,,,,,81,,,,84,,,,87,,84,,,,79.78305054,,,,,,91.83000183,,
Ukraine,UKR,"Literacy rate, youth total (% of people ages 15-24)",SE.ADT.1524.LT.ZS,,,,,,,,,,,100,,,,,,,,,,,99.96975708,,,,,,,,,99.90000153,,,
Upper middle income,UMC,"Literacy rate, youth total (% of people ages 15-24)",SE.ADT.1524.LT.ZS,93.98065948,94.28022766,94.56794739,94.86698914,95.19940948,95.42967987,97.15474701,97.23677826,97.34529114,97.43314362,97.53308105,97.69442749,97.96087646,98.0789032,98.18051147,98.03486633,98.26113892,98.65823364,98.29380035,98.30579376,98.30670166,98.3556366,98.34269714,98.45896912,98.43618774,98.45191193,98.32465363,98.33274841,98.44721222,98.45263672,98.43006134,98.4357605,98.41577911,
Uruguay,URY,"Literacy rate, youth total (% of people ages 15-24)",SE.ADT.1524.LT.ZS,,,,,,99,,,,,,,,,,99,99,98.90000153,98.97000122,98.76999664,98.84999847,98.95999908,98.93000031,98.83999634,98.93000031,99.15000153,98.93000031,98.87000275,99.01999664,,99.18000031,99.12999725,,
United States,USA,"Literacy rate, youth total (% of people ages 15-24)",SE.ADT.1524.LT.ZS,,,,,,,,,,,,,,,,,,,,,,,,,,,,,,,,,,
Uzbekistan,UZB,"Literacy rate, youth total (% of people ages 15-24)",SE.ADT.1524.LT.ZS,,,,,,,,,,100,,,,,,,,,,,,,100,100,100,100,,100,100,,100,100,,
St. Vincent and the Grenadines,VCT,"Literacy rate, youth total (% of people ages 15-24)",SE.ADT.1524.LT.ZS,,,,,,,,,,,,,,,,,,,,,,,,,,,,,,,,,,
"Venezuela, RB",VEN,"Literacy rate, youth total (% of people ages 15-24)",SE.ADT.1524.LT.ZS,,,,,,,,,,97.55999756,97.61000061,97.77999878,97.81999969,98.12999725,98.06999969,98.29000092,98.40000153,98.45999908,98.52999878,98.45999908,98.61000061,98.80999756,98.73999786,98.87999725,99,99,,,,,,98.73000336,,
British Virgin Islands,VGB,"Literacy rate, youth total (% of people ages 15-24)",SE.ADT.1524.LT.ZS,,,,,,,,,,,,,,,,,,,,,,,,,,,,,,,,,,
Virgin Islands (U.S.),VIR,"Literacy rate, youth total (% of people ages 15-24)",SE.ADT.1524.LT.ZS,,,,,,,,,,,,,,,,,,,,,,,,,,,,,,,,,,
Viet Nam,VNM,"Literacy rate, youth total (% of people ages 15-24)",SE.ADT.1524.LT.ZS,,,,,,,,,95,95,,,,,,,,,97,,,,,,,,,,99,98.20052338,,99,,
Vanuatu,VUT,"Literacy rate, youth total (% of people ages 15-24)",SE.ADT.1524.LT.ZS,,,,86.09999847,,,,,,,,,,91.80000305,,,,,,,,,,95.30000305,,,,,,,96.90000153,,,
World,WLD,"Literacy rate, youth total (% of people ages 15-24)",SE.ADT.1524.LT.ZS,83.43386841,83.70243835,83.94869995,84.19615173,84.44989014,84.68945313,85.53378296,86.32762146,86.63845825,86.64453125,86.95549011,87.42726135,87.89697266,88.24987793,88.46698761,88.25662231,88.60697174,89.04707336,89.1484375,89.57769775,89.84227753,90.1556015,90.60756683,90.88017273,91.1571579,91.34822845,91.49416351,91.54640198,92.37413025,92.4702301,92.59255981,92.73769379,92.83838654,
Samoa,WSM,"Literacy rate, youth total (% of people ages 15-24)",SE.ADT.1524.LT.ZS,99,,,,,,,,,,,,,,,,,,,,99,,,,,,,,99.02413177,,99.09999847,,,
Kosovo,XKX,"Literacy rate, youth total (% of people ages 15-24)",SE.ADT.1524.LT.ZS,,,,,,,,,,,,,,,,,,,,,,,,,,,,,,,,,,
"Yemen, Rep.",YEM,"Literacy rate, youth total (% of people ages 15-24)",SE.ADT.1524.LT.ZS,,,,60,,,,,,,,,,77,,,,,,,,,,,,,,,,,,,69.23000336,
South Africa,ZAF,"Literacy rate, youth total (% of people ages 15-24)",SE.ADT.1524.LT.ZS,,,,,,94,,,,,,,,,,,98,,98,99,99,99,,99,99,96.70674133,95,,98,,97,,,
Zambia,ZMB,"Literacy rate, youth total (% of people ages 15-24)",SE.ADT.1524.LT.ZS,,,,,,,,,69,,,69,,,,,64.04963684,,,89,,,,,,,,77.68875122,,93.19999695,,,,
Zimbabwe,ZWE,"Literacy rate, youth total (% of people ages 15-24)",SE.ADT.1524.LT.ZS,,95,,,,,,,,,,,,,,,,,,,90.93070221,,,90.42812347,,,,,92.51284027,,,90.86000061,,
